var,450,451,452,453,454,457,458,459,460,461,462,463,464,465,466,467,468,469,470,471,472,473,474,475,476,477,478,479,480,481,482,483,484,485,486,487,488,489,490,491,492,493,494,495,496,497,498,499,500,501,502,503,504,505,506,507,508,509,510,511,512,513,514,515,516,517,518,519,520,521,522,523,524,525,526,527,528,529,530,531,532,533,534,535,536,537,538,539,540,541,542,543,544,545,546,547,548,549,550,551,552,553,554,555,556,557,558,559,560,561,562,563,564,565,566,567,568,569,570,571,572,573,574,575,576,577,578,579,580,581,582,583,584,585,586,587,588,589,590,591,592,593,594,595,596,597,598,599,600,601,602,603,604,605,606,607,608,609,610,611,612,613,614,615,616,617,618,619,620,621,622,623,624,625,626,627,628,629,630,631,632,633,634,635,636,637,638,639,640,641,642,643,644,645,646,647,648,649,650,651,652,653,654,655,656,657,658,659,660,661,662,663,664,665,666,667,668,669,670,671,672,673,674,675,676,677,678,679,680,681,682,683,684,685,686,687,688,689,690,691,692,693,694,695,696,697,698,699,700
0,1057.76,1170.57,1327.06,1498.14,1681.67,2313.32,2546.56,2789.91,3043.37,3303.54,3568.95,3838.15,4111.09,4385.31,4658.5,4929.17,5196.56,5456.57,5711.63,5957.69,6195.23,6421.44,6637.33,6839.18,7030.69,7206.51,7369.7,7520.13,7659.14,7784.5,7898.43,7996.67,8079.14,8139.82,8179.69,8192.73,8186.42,8154.28,8102.77,8029.96,7941.23,7835.05,7717.62,7590.51,7455.74,7315.27,7169.89,7023.35,6877.94,6737.58,6606.95,6488.4,6384.54,6293.2,6217.47,6156.6,6108.15,6074.5,6050.87,6036.76,6031.69,6031.61,6035.29,6044.26,6052.96,6061.97,6070.82,6081.88,6090.98,6099.07,6106.8,6110.64,6111.49,6108.67,6100.32,6086.76,6067.76,6041.07,6008.67,5968.68,5920.94,5865.61,5804.03,5734.47,5658.46,5577.96,5492.32,5403.54,5310.8,5215.04,5116.66,5017.33,4915.41,4812.46,4708.47,4604.62,4499.38,4394.11,4290.51,4188.01,4084.98,3983.29,3882.23,3782.07,3682.97,3585.65,3490.36,3396.69,3304.43,3214.21,3125.33,3038.81,2953.31,2869.56,2788.36,2707.77,2629.88,2553.2,2478.04,2405.47,2335.15,2266.4,2200.04,2133.18,2068.46,2004.54,1943.63,1884.41,1826.51,1770.78,1716.1,1663.18,1612.08,1562.2,1514.22,1466.44,1420.38,1375.34,1332.17,1290.74,1250.73,1211.67,1173.33,1136.44,1100.25,1065.47,1031.36,997.732,965.576,934.153,903.22,873.736,844.184,816.486,788.926,761.965,736.157,711.397,687.147,663.653,640.713,618.057,596.559,575.908,555.675,536.24,517.453,499.261,481.91,464.872,448.238,432.241,416.733,401.44,387.34,373.316,359.916,346.793,334.148,321.981,309.844,298.459,287.275,276.445,266.257,256.179,246.762,237.743,228.758,219.941,211.284,203.352,195.319,187.929,180.526,173.652,166.984,160.604,154.753,148.704,143.017,137.409,131.823,126.647,121.666,117.184,112.697,108.128,104.035,99.9409,96.0773,92.1833,88.6399,85.0986,81.6742,78.5153,75.3562,72.4648,69.6311,66.7808,64.1101,61.47,59.1522,56.7019,54.4856,52.2857,50.2823,48.1719,46.3044,44.4049,42.5807,40.7836,39.1768,37.5761,36.1066,34.6307,33.2335,31.8799,30.6455,29.3781,28.1862,27.0374,25.915,24.7572,23.8251,22.885,21.9255,21.1182,20.2623
0.00000058,881.166,976.11,1105.24,1247.16,1400.21,1923.03,2116.43,2318.19,2526.39,2740.32,2959.36,3181.21,3406.91,3633.21,3860.02,4083.93,4304.23,4520.38,4731.48,4934.44,5130.07,5316.05,5494.61,5662.18,5820.42,5967.42,6103.86,6229.87,6347.13,6450.79,6546.35,6627.12,6694.81,6744.56,6777.42,6789,6783.3,6757.17,6715.73,6656.05,6583.14,6494.81,6397.85,6291.32,6179.96,6062.31,5941.95,5819.07,5697.37,5579.79,5471.9,5373.5,5286.61,5210.33,5148.82,5098.51,5058.34,5029.65,5010.07,4998.99,4994.54,4994.01,4998.24,5004.47,5011.44,5020.04,5029.94,5037.28,5044.25,5051.46,5056.85,5059.69,5060.89,5057.72,5051.3,5038.74,5022.44,5000.72,4973.32,4939.66,4899.83,4855.64,4804.63,4747.96,4686.44,4620.48,4548.53,4474.98,4398.47,4317.82,4235.44,4152.03,4068.38,3982.84,3896.81,3811.81,3724.98,3638.5,3551.96,3465.39,3379.46,3296.17,3213.29,3131.96,3051.38,2971.75,2892.8,2816.27,2739.66,2664.45,2590.98,2518.79,2447.48,2378.68,2311.32,2245.79,2181.71,2118.67,2056.31,1995.97,1936.54,1879.55,1823.03,1769.29,1716.22,1664.63,1614.33,1565.43,1518.02,1471.57,1425.89,1382.53,1340.41,1299.1,1259.18,1220.13,1182.2,1145.36,1110.52,1075.68,1042.08,1009.11,976.821,945.732,915.632,886.46,858.247,830.511,803.029,776.775,751.46,726.531,701.923,678.125,655.253,633.583,612.09,591.09,571.614,552.027,533.078,514.83,496.626,479.018,462.323,446.246,430.253,414.784,400.313,386.36,372.424,358.926,345.747,333.265,321.155,309.73,298.449,287.739,277.368,267.326,257.323,247.761,238.916,229.997,221.331,213.037,205.053,197.367,190.197,183.014,175.942,169.342,162.675,156.518,150.687,144.887,139.536,134.201,129.101,124.283,119.789,115.065,110.696,106.302,102.386,98.4644,94.5973,90.9671,87.5437,84.2181,80.9463,77.7276,74.6773,71.8347,68.9677,66.1444,63.5464,60.9857,58.5822,56.2515,53.8338,51.6982,49.6347,47.5987,45.6907,43.7084,41.9396,40.2161,38.6002,36.9181,35.5141,34.1139,32.6689,31.2988,29.9832,28.8227,27.6816,26.5497,25.465,24.4693,23.4874,22.5139,21.6011,20.673,19.8476,19.0559,18.2599,17.5039,16.8383
0.00000116,714.317,789.909,894.811,1009.67,1133.35,1556.67,1713.18,1875.82,2044.59,2217.53,2395.01,2575.85,2758,2940.72,3122.71,3302.93,3482.06,3656.35,3826.81,3990.58,4148,4300.57,4444.61,4581.32,4709.87,4828.29,4939.52,5041.49,5135.06,5219.52,5296.91,5363.59,5420.69,5462.37,5489.42,5498.31,5494.41,5473.64,5438.46,5389.54,5328.03,5256.49,5177.19,5090.23,4999.17,4905.42,4807.52,4708.75,4610.99,4515.35,4426.64,4346.85,4277.97,4217.89,4167.83,4127.67,4095.81,4073.08,4058.2,4049.24,4046.01,4045.4,4047.23,4052.31,4058.51,4064.52,4072.3,4079.93,4086.48,4092.65,4097.33,4099.63,4100.71,4098.44,4093.8,4084.54,4072.93,4055.16,4033.38,4007.47,3975.67,3939.61,3898.69,3851.81,3801.37,3747.43,3688.88,3628.24,3566.57,3502.14,3435.81,3368.17,3299.54,3230.24,3161.45,3091.38,3021.47,2951.82,2881.94,2812.74,2743.31,2674.98,2607.99,2542.52,2476.69,2411.13,2348.09,2285.32,2223.67,2163.27,2103.46,2044.3,1987.12,1931.19,1876.46,1822.82,1770.24,1719.32,1669.92,1619.8,1572.41,1525.72,1479.59,1435.71,1392.27,1350.56,1309.71,1269.96,1231.08,1193.74,1157.29,1121.58,1086.93,1053.48,1020.35,989.36,958.523,929.211,900.707,871.989,844.834,818.713,793.186,767.887,743.601,720.233,696.639,674.108,652.385,630.868,610.409,590.028,570.333,551.215,532.355,514.382,497.195,480.347,464.173,448.614,433.263,418.203,404.276,390.399,376.902,363.947,350.983,338.708,326.649,314.925,303.922,293.428,283.119,272.787,262.768,253.519,244.035,235.039,226.265,218.081,209.977,202.38,195.041,187.703,180.543,173.814,167.376,160.893,154.626,148.93,143.369,137.791,132.623,127.635,122.773,117.979,113.451,108.766,104.472,100.751,96.8816,92.9915,89.5513,86.29,83.04,79.7425,76.6402,73.7201,70.9057,68.1187,65.4595,62.9494,60.763,58.3984,56.0102,53.7993,51.7284,49.6708,47.6708,45.7627,43.9755,42.2323,40.5383,38.9486,37.4701,36.0859,34.6215,33.2341,31.9587,30.6642,29.4686,28.3027,27.0932,26.0116,24.9161,23.9217,22.9078,22.015,21.1007,20.1697,19.3111,18.5153,17.7416,16.9563,16.2951,15.6574,14.9169,14.3025,13.6882
0.00000173,567.93,628.12,710.754,802.048,900.592,1235.38,1359.29,1488.33,1621.99,1759.99,1900.22,2042.44,2186.97,2332.06,2476.31,2620.15,2761.38,2899.71,3033.93,3164.14,3289.03,3409.61,3523.84,3632.59,3733.18,3827.73,3914.87,3996.53,4071.86,4140.81,4203.53,4257.23,4302.22,4335.78,4358.15,4367.75,4365.11,4349.6,4321.44,4283.59,4234.96,4179.8,4117.86,4049.61,3976.66,3901.72,3823.07,3743.47,3666.21,3590.9,3520.56,3457.55,3401.74,3352.39,3312.23,3280.81,3255.24,3237.69,3224.11,3216.23,3212.58,3211.94,3213.93,3218.26,3222.31,3226.98,3232.78,3238.6,3243.15,3247.28,3251.17,3253.15,3253.89,3252.34,3248.9,3242.62,3232.13,3219.67,3202.77,3181.28,3156.49,3127.56,3094.93,3058.24,3019.29,2976.94,2931.29,2884.52,2835.23,2784.19,2731.4,2678.79,2624.5,2570.88,2515.33,2460.32,2404.75,2349.98,2294.68,2239.72,2184.59,2130.49,2076.43,2024.39,1971.96,1919.65,1869.58,1820,1770.88,1722.73,1675.36,1629.24,1583.6,1538.74,1495.22,1452.97,1411.53,1371.17,1331.4,1292.73,1254.92,1217.71,1181.81,1146.53,1112.1,1079.18,1047.08,1015.09,984.625,954.727,925.773,896.998,869.356,842.422,816.454,790.625,765.951,741.632,718.575,696.209,674.208,653.197,632.879,612.615,592.735,573.602,554.949,537.222,519.87,503.009,486.533,471.167,455.62,441.05,426.497,412.372,398.863,385.173,371.937,359.056,346.883,335.034,323.63,312.54,301.531,291.213,281.16,271.18,261.572,252.304,243.282,234.404,225.745,218.005,210.354,202.832,195.717,188.832,181.874,175.13,168.663,162.482,156.415,150.681,145.096,139.876,134.611,129.767,125.034,120.169,115.865,111.567,107.318,103.124,99.3649,95.6643,91.9077,88.3681,85.006,81.6058,78.3056,75.4869,72.6484,69.7298,67.234,64.6212,62.0985,59.6964,57.4485,55.2022,53.0035,51.05,48.9729,47.0116,45.2847,43.5146,41.7293,40.1585,38.507,36.9199,35.3714,34.0134,32.6999,31.3935,30.1204,28.8864,27.5986,26.5659,25.5784,24.576,23.6075,22.6749,21.7074,20.8402,20.0288,19.2662,18.4382,17.6492,16.9239,16.2944,15.6645,15.063,14.3873,13.781,13.1635,12.6516,12.1509,11.6136,11.1398
0.00000231,449.722,497.324,562.651,635.121,712.516,976.146,1074.32,1175.79,1281.02,1389.21,1500.59,1612.68,1726.38,1840.74,1955.44,2068.37,2180.22,2290.07,2396.48,2499.47,2597.79,2692.61,2783.39,2868.3,2947.89,3023.6,3093.99,3158.14,3217.5,3271.46,3321.08,3364.06,3400.04,3428.08,3446.1,3453.44,3451.28,3439.07,3417.84,3387.8,3351.09,3308.43,3258.36,3204.28,3146.64,3087.43,3025.46,2963.03,2900.95,2841.16,2785.11,2734.03,2689,2650.96,2619.83,2594.67,2574.49,2559.22,2549.43,2544.74,2542.3,2543.33,2545.4,2548.79,2552.82,2556.7,2561.22,2564.83,2568.45,2572.51,2575.03,2576.95,2576.92,2575.6,2573.06,2567.41,2559.31,2549.18,2535.67,2519.09,2499.17,2476.43,2450.64,2421.97,2390.32,2356.81,2320.7,2282.96,2243.76,2204.17,2163.02,2120.52,2077.24,2033.9,1989.27,1945.37,1901.22,1858,1814.7,1771.61,1729.2,1686.61,1644.65,1603.27,1562.65,1521.78,1481.58,1442.05,1403.01,1365.48,1328.59,1292.22,1256.42,1221.04,1186.46,1152.45,1119.09,1086.88,1055.25,1024.02,994.265,964.654,936.017,908.314,881.557,855.341,829.785,804.819,780.671,757.225,734.002,711.784,690.46,669.572,649.442,629.827,610.213,591.401,573.628,555.824,538.368,521.175,504.63,488.562,472.928,457.663,443.295,429.132,415.164,401.789,388.368,375.309,363.014,351.087,339.533,328.324,317.716,307.202,296.958,286.779,276.969,267.674,258.568,249.871,241.16,233.008,225.263,217.736,210.332,202.874,195.742,188.825,181.951,175.452,169.23,163.196,157.294,151.589,145.936,140.53,135.404,130.462,125.639,120.851,116.4,111.938,107.835,103.719,99.8935,96.145,92.6121,89.1289,85.8457,82.6471,79.5789,76.6088,73.5979,70.7778,68.0971,65.6211,63.1926,60.6862,58.2924,56.0038,53.7871,51.7283,49.6609,47.8127,45.9517,44.1787,42.5026,40.8473,39.2782,37.6119,36.201,34.7575,33.4872,32.2403,31.042,29.7877,28.64,27.5244,26.4842,25.3705,24.2736,23.2633,22.3038,21.3667,20.5468,19.6669,18.7832,17.9729,17.2408,16.6109,15.9687,15.4006,14.7809,14.187,13.6254,13.1091,12.6225,12.1496,11.6681,11.1681,10.7412,10.3121,9.88839,9.56561,9.08669
0.00000288,358.485,396.131,447.877,504.72,565.885,775.06,852.786,933.65,1016.88,1102.55,1190.59,1279.71,1370.4,1460.74,1552.13,1642.01,1730.5,1817.66,1902.62,1985.23,2064.19,2140.43,2213,2280.71,2345.19,2405.7,2462.52,2514.56,2563.15,2606.61,2646.67,2681.21,2710.44,2732.94,2747.37,2753.85,2752.08,2742.55,2725.2,2701.04,2671.36,2636.07,2597.39,2554.02,2508.14,2459.9,2410.92,2360.75,2311.48,2263.9,2219.92,2179.59,2143.19,2112.76,2088.08,2068.41,2052.9,2041.74,2034.05,2029.44,2027.47,2027.79,2029.81,2032.31,2035.46,2038.47,2042.12,2045.22,2048.3,2052.19,2054.67,2055.71,2056.72,2055.78,2053.73,2049.77,2043.54,2035.39,2024.77,2011.91,1995.46,1976.98,1956.87,1933.32,1907.78,1881.78,1853.36,1823.6,1792.06,1759.64,1726.97,1692.92,1658.36,1623.99,1588.78,1553.59,1518.21,1484.43,1450.41,1416.24,1382.23,1348.38,1314.47,1281.18,1248.08,1215.37,1183.38,1151.82,1121.45,1091.71,1061.99,1032.72,1003.98,975.854,948.136,920.804,894.775,868.982,844.016,819.211,795.763,772.857,750.745,729.403,707.803,686.517,666.267,646.785,627.578,608.959,590.527,572.785,555.622,538.772,522.285,506.259,490.798,476.095,461.025,446.09,432.003,418.026,405.272,392.033,379.571,367.21,355.53,344.244,332.98,322.321,311.775,301.603,291.66,281.974,272.49,263.737,254.956,246.54,238.33,230.497,222.727,215.116,207.832,200.837,193.856,187.187,181.123,174.895,168.901,162.966,157.22,151.73,146.515,141.48,136.479,131.634,126.983,122.512,118.176,113.707,109.681,105.646,101.759,97.918,94.3936,90.957,87.7761,84.6245,81.4287,78.4678,75.5133,72.6004,70.0192,67.3032,64.7965,62.3922,60.0773,57.7717,55.5934,53.5792,51.4862,49.4977,47.6289,45.8307,44.0653,42.4086,40.8412,39.272,37.7763,36.3402,34.9158,33.5245,32.219,30.9548,29.6884,28.5797,27.4206,26.3728,25.3113,24.2574,23.3416,22.3614,21.4202,20.5336,19.6518,18.9431,18.1897,17.5035,16.8764,16.2338,15.5184,14.8577,14.2132,13.6506,13.0956,12.5703,12.1047,11.6723,11.2253,10.7387,10.2695,9.8727,9.42523,9.04614,8.66978,8.39801,8.05192,7.7627,7.48221
0.00000345,291.429,321.981,363.913,409.899,459.581,628.124,690.311,755.064,822.649,891.695,962.65,1034.41,1106.93,1180.74,1253.79,1325.85,1397.19,1467.14,1535.44,1601.7,1665.56,1726.85,1785.27,1840.47,1892.29,1941.14,1987.3,2030,2068.91,2104.94,2137.36,2165.81,2190.75,2209.61,2222.04,2227.47,2226.34,2219.55,2206.27,2187.34,2163.77,2135.57,2103.25,2067.7,2030.4,1991.69,1951.37,1910.84,1870.49,1831.01,1794.48,1761.45,1732.91,1708.81,1687.47,1671.03,1657.75,1648.85,1642.82,1639.69,1638.81,1638.11,1639.74,1642.66,1645.35,1648.34,1651.67,1654.26,1657.07,1658.76,1660.74,1662.37,1663.3,1662.86,1660.91,1658.11,1652.7,1646.35,1637.85,1627.61,1614.5,1599.84,1582.85,1564.89,1544.79,1523.84,1500.9,1476.98,1451.86,1425.93,1399.3,1372.12,1344.81,1317.4,1289.55,1261.47,1233.95,1205.93,1177.74,1149.8,1122.59,1094.84,1067.85,1041.1,1014.29,987.84,962.367,936.658,911.59,886.905,862.721,838.435,814.922,791.921,769.682,748.156,727.072,706.702,686.396,666.934,647.207,628.597,610.21,592.582,575.419,558.604,542.364,526.776,511.082,495.644,480.947,466.77,452.314,438.11,424.867,411.79,399.109,386.666,374.896,363.289,351.988,340.868,330.09,319.44,309.523,300.138,290.26,281.086,272.406,263.886,255.234,246.893,238.922,231.357,223.676,216.49,209.277,202.546,195.817,189.356,182.894,176.56,170.852,164.97,159.35,153.739,148.581,143.589,138.606,133.667,129.032,124.365,120.063,115.696,111.503,107.703,103.984,100.221,96.6619,93.0419,89.6556,86.508,83.3092,80.2168,77.2269,74.4944,71.7453,69.0602,66.613,64.2268,61.935,59.7313,57.4965,55.3016,53.2967,51.2746,49.4285,47.5673,45.7699,44.2885,42.6023,41.0508,39.4656,37.9616,36.5551,35.1802,33.828,32.6176,31.373,30.3007,29.1036,27.9996,26.9164,25.8881,24.7854,23.7999,22.7702,21.9482,21.1421,20.2957,19.4972,18.7601,18.0174,17.2922,16.5784,15.9594,15.3822,14.7536,14.1772,13.641,13.0868,12.5651,12.0877,11.6161,11.0956,10.5713,10.1034,9.63639,9.26928,8.8955,8.49322,8.10458,7.74437,7.41604,7.12696,6.87183,6.52396,6.26007,6.02427
0.00000401,240.502,265.694,299.952,337.216,377.615,514.703,565.642,618.7,673.723,729.836,787.573,846.217,905.149,964.843,1024.61,1083.02,1140.8,1197.66,1253.64,1307.54,1359.1,1408.92,1456.78,1502.06,1544.4,1584.68,1622,1656.69,1689.17,1718.98,1746.41,1770.18,1791.17,1806.81,1816.89,1820.81,1819.84,1814.42,1804.08,1788.82,1769.45,1746.31,1719.51,1691.27,1660.6,1627.76,1594.39,1560.28,1526.71,1493.87,1463.83,1436.93,1413.65,1394.4,1377.93,1364.48,1353.57,1346.13,1340.73,1337.85,1336.47,1336.8,1338.6,1340.56,1342.67,1345.16,1347.79,1350.85,1353.51,1355.9,1357.09,1357.52,1357.81,1357.71,1356.39,1354.42,1350.21,1345.26,1338.14,1329.37,1319.4,1307.8,1294.83,1279.95,1263.28,1246.06,1227.27,1208.1,1187.16,1166.24,1144.23,1122.12,1099.97,1077.44,1054.86,1032.27,1009.94,986.659,963.544,941.311,918.797,896.073,873.911,851.992,830.282,809.133,788.702,767.871,747.043,726.919,706.952,688.165,668.99,650.345,631.635,613.413,595.936,578.883,562.134,545.997,530.537,515.004,500.062,485.885,471.54,457.949,444.278,430.756,417.786,405.209,393.371,381.91,370.781,359.457,348.665,338.323,327.807,317.843,308.086,298.454,289.267,280.287,271.609,263.336,255.338,247.684,239.792,232.252,224.823,217.563,210.8,203.708,197.276,190.991,185.044,178.876,172.958,167.422,162.037,156.676,151.34,146.182,141.267,136.428,131.812,127.399,123.079,118.936,114.626,110.725,106.662,102.971,99.3595,95.7578,92.2446,88.9475,85.7088,82.7008,79.6283,76.8811,74.0837,71.5241,69.0538,66.6093,64.3742,62.1115,59.8645,57.7148,55.6344,53.6238,51.5724,49.7609,47.9758,46.17,44.6427,42.9806,41.4022,39.7411,38.3024,36.7375,35.2519,33.9802,32.6798,31.5528,30.2419,29.1267,28.06,27.0332,26.0356,25.029,24.0367,23.1682,22.3085,21.4649,20.7071,19.9032,19.1431,18.424,17.7074,17.002,16.4124,15.8109,15.1958,14.6332,14.0755,13.5186,12.9513,12.4456,11.9419,11.4598,10.9817,10.569,10.1445,9.75804,9.40741,9.03169,8.59332,8.1927,7.81443,7.49548,7.20432,6.89085,6.57175,6.31566,6.03511,5.7525,5.48287,5.22347,4.98587
0.00000458,203.06,223.79,252.379,284.127,317.662,432.698,474.916,519.614,565.476,612.561,660.998,709.993,759.908,810.26,860.07,909.4,958.118,1006.28,1052.83,1098.9,1143.05,1184.63,1224.37,1262.64,1298.9,1332.45,1364.67,1393.93,1422.05,1447.15,1470.18,1490.98,1508.57,1521.82,1530.86,1534.93,1534.08,1528.3,1520.08,1507.14,1490.8,1470.98,1448.83,1423.94,1397.8,1370.09,1342.08,1313.56,1284.59,1257.13,1231.44,1208.54,1188.75,1172.13,1158.47,1146.66,1137.83,1131.87,1128,1125.58,1124.97,1125.46,1126.69,1128.5,1130.41,1132.54,1134.86,1137.26,1139.08,1140.68,1141.41,1143.03,1144.09,1143.43,1141.99,1139.72,1136.76,1132.37,1126.74,1119.27,1110.7,1100.96,1089.49,1076.83,1063.45,1048.88,1033.22,1016.59,999.252,980.994,963.622,945.251,926.639,908.12,888.815,869.119,850.068,831.244,811.754,792.661,774.059,755.417,737.135,718.248,700.405,682.587,665.167,647.923,630.234,613.125,596.575,581.058,565.108,549.382,534.215,519.747,505.223,490.957,476.828,463.712,450.48,437.658,425.224,412.69,400.941,389.479,378.06,366.58,355.712,345.255,334.878,324.69,314.995,305.717,296.773,287.464,278.938,270.623,262.363,254.488,246.796,239.328,231.782,224.49,217.438,210.85,204.267,198.046,191.917,185.725,179.848,174.259,168.798,163.349,157.903,152.66,147.648,142.692,137.991,133.437,129.051,124.815,120.676,116.501,112.642,108.854,105.078,101.48,97.8881,94.4345,91.2012,88.23,85.1711,82.3244,79.595,76.8322,74.0587,71.319,68.8434,66.4746,64.0204,61.7038,59.5803,57.3286,55.2958,53.2603,51.3917,49.3625,47.5666,45.7889,44.1526,42.663,41.1525,39.6992,38.1668,36.6849,35.26,33.9806,32.6744,31.4386,30.2678,29.2214,28.1007,27.1184,26.0106,25.0466,24.1166,23.1578,22.3984,21.5948,20.8002,20.0449,19.3754,18.6689,17.9706,17.3132,16.6238,15.9876,15.3445,14.7933,14.2032,13.6309,13.1187,12.5316,11.948,11.5043,11.084,10.6122,10.1595,9.79062,9.48255,9.11319,8.73386,8.45252,8.05556,7.73626,7.40481,7.13669,6.91156,6.69436,6.44679,6.17995,5.91339,5.67506,5.41748,5.16074,4.94695,4.72652,4.52321
0.00000514,175.264,192.864,217.405,244.215,273.061,371.629,407.688,445.067,484.144,524.802,566.292,608.581,650.637,693.499,736.065,778.337,820.387,861.341,901.331,940.115,977.658,1013.92,1048.64,1081.94,1113.73,1143.76,1171.28,1197.05,1220.96,1243.41,1263.46,1282,1298.09,1309.61,1317.75,1322.08,1322.42,1318.26,1310.5,1299.07,1284.86,1267.4,1247.36,1225.81,1203.04,1178.99,1154.14,1129.83,1104.47,1080.32,1058.12,1038.51,1020.61,1005.48,993.233,983.362,975.894,970.509,967.627,965.945,965.612,965.776,967.504,969.058,970.443,972.318,974.2,976.573,977.81,979.531,981.335,982.16,982.874,982.756,981.511,979.845,977.507,974.041,969.685,963.612,956.519,948.595,938.945,928.202,916.314,903.893,890.327,876.367,861.75,846.288,830.711,814.873,799.247,782.763,765.926,749.636,733.667,717.14,700.95,684.383,668.089,652.394,636.246,620.376,605.073,589.93,575.104,560.252,545.174,530.426,516.674,502.581,488.628,475.187,461.945,449.032,436.772,424.578,412.775,401.079,389.395,378.343,367.45,356.588,346.367,336.292,326.272,316.604,307.278,298.008,289.202,280.619,272.36,264.251,256.377,248.656,241.571,234.131,226.938,220.198,213.467,207.123,200.816,194.432,188.29,182.72,176.883,171.372,165.93,160.587,155.384,150.531,145.548,140.998,136.373,132.038,127.831,123.663,119.853,116.285,112.62,108.804,105.216,101.696,98.2068,94.9324,91.8109,88.5894,85.5553,82.5639,79.7672,76.9413,74.1365,71.6829,69.1375,66.6904,64.3624,62.2184,59.8783,57.7507,55.6781,53.7159,51.6827,50.0369,48.1955,46.5854,44.9178,43.41,41.8146,40.1614,38.6031,37.1749,35.7662,34.4956,33.3352,32.2743,31.0791,29.8603,28.7783,27.7889,26.6965,25.6507,24.6548,23.7688,22.8506,22.1217,21.3602,20.5037,19.8068,18.9581,18.2254,17.482,16.8426,16.2246,15.6191,15.0286,14.5124,13.9783,13.4437,12.9144,12.3728,11.7853,11.3928,10.9052,10.507,10.114,9.73567,9.40542,8.99591,8.60347,8.29401,7.94344,7.63976,7.28695,7.04319,6.76652,6.5229,6.28637,6.02697,5.79652,5.5941,5.32742,5.09559,4.90691,4.72107,4.51933,4.30508,4.10452,3.97449
0.0000057,154.129,169.543,190.707,214.177,239.359,325.121,357.078,389.982,424.105,459.321,495.424,532.087,569.157,606.796,644.332,680.758,717.61,753.886,788.899,822.414,855.185,887.227,917.19,945.697,973.149,998.866,1023.3,1046.34,1067.61,1087.41,1105.29,1121.64,1135.85,1146,1152.86,1156.14,1156.8,1153.18,1145.9,1136.68,1124.56,1109.73,1092.82,1074.38,1054.73,1033.67,1012.12,989.944,967.433,946.749,927.694,910.718,895.797,882.893,872.24,863.324,856.652,852.134,849.269,847.766,847.148,846.638,847.425,848.441,850.728,852.997,854.201,856.329,857.735,858.798,859.645,860.875,862.044,862.11,861.392,859.938,857.911,854.774,850.679,845.543,839.407,831.446,822.824,813.134,802.817,791.851,780.283,768.18,755.219,741.978,728.513,714.411,700.26,686.078,671.576,657.722,643.946,629.511,614.967,600.914,586.864,573.069,558.702,545.057,531.981,518.801,505.19,492.089,479.034,466.039,453.443,441.453,429.18,417.178,406.176,395.123,384.143,373.473,363.028,352.777,342.486,332.47,322.739,313.629,304.539,295.934,287.614,279.3,271.171,263.298,255.382,247.693,240.284,233.156,225.971,219.169,212.736,206.522,200.332,194.359,188.647,182.994,177.281,171.781,166.643,161.405,156.387,151.729,147.039,142.42,138.25,134.108,129.829,125.63,121.582,117.767,114.054,110.37,106.902,103.229,99.8146,96.5844,93.3814,90.19,87.2847,84.2947,81.3398,78.5499,75.9173,73.2877,70.9376,68.4777,66.0079,63.7139,61.4919,59.3774,57.3404,55.2648,53.3761,51.5405,49.7667,48.0373,46.3923,44.8006,43.2629,41.7824,40.1237,38.6131,37.2054,35.9025,34.6194,33.454,32.3775,31.188,30.1327,29.0756,28.0351,27.0965,26.133,25.0688,24.1104,23.2729,22.4956,21.6364,20.9906,20.2272,19.4683,18.7188,17.9346,17.2126,16.5317,15.9,15.2656,14.684,14.1846,13.6843,13.1107,12.6293,12.1766,11.7065,11.2246,10.8125,10.3803,9.97867,9.60044,9.23635,8.88311,8.55156,8.24003,7.87065,7.53252,7.19635,6.91684,6.63319,6.42644,6.1739,5.94758,5.69402,5.48475,5.30089,5.13394,4.92684,4.75065,4.55724,4.39941,4.21554,4.07685,3.9433,3.79434
0.00000626,137.234,150.799,169.581,190.13,212.091,287.815,315.654,344.7,375.098,406.061,437.594,469.807,502.807,536.266,569.635,602.049,634.006,666.156,696.964,727.456,756.872,785.037,811.803,837.497,861.925,884.397,906.318,926.699,945.926,963.217,978.902,992.927,1005.58,1014.98,1021.93,1025.38,1025.91,1022.61,1016.53,1007.75,996.496,983.433,969.041,952.237,934.739,916.047,897.144,877.399,858.054,839.485,822.346,806.063,792.153,780.15,770.695,763.16,757.331,753.78,751.024,749.355,748.859,749.013,749.732,750.858,752.617,754.724,756.253,758.131,760.218,762.04,763.187,764.288,764.769,765.219,764.584,763.163,761.365,759.182,755.939,751.681,746.438,739.817,732.291,723.801,714.933,705.135,694.899,684.554,673.581,661.529,649.679,637.222,624.891,612.145,599.07,586.453,573.695,561.127,548.675,535.908,523.609,511.321,498.477,485.771,473.301,461.455,449.933,438.31,427.076,415.704,405.001,394.146,383.283,372.826,362.506,352.586,342.971,333.222,323.772,315.017,306.032,297.527,289.18,280.677,272.467,264.643,256.867,249.324,242.121,235.022,228.105,221.503,214.89,208.494,202.571,196.375,190.799,185.133,179.38,174.348,169.141,164.036,159.17,154.423,149.668,145.202,140.599,136.169,131.984,127.944,123.697,119.827,116.157,112.409,108.834,105.183,101.585,98.2539,94.9959,91.8578,89.006,85.9396,83.3301,80.5428,77.9154,75.3527,72.9341,70.5453,67.9824,65.747,63.6399,61.56,59.5768,57.5102,55.5066,53.5289,51.7607,50.0389,48.2521,46.5838,44.7951,43.2245,41.7401,40.3033,39.019,37.5609,36.2771,34.9107,33.7292,32.4747,31.3427,30.2856,29.1253,28.041,27.0115,26.1424,25.2842,24.3348,23.4126,22.6002,21.6869,20.9056,20.164,19.4664,18.7986,18.145,17.4355,16.7677,16.2204,15.6978,15.0917,14.4681,13.9451,13.4481,12.9271,12.4258,11.9951,11.5217,11.0756,10.6884,10.2387,9.90719,9.59228,9.20386,8.84817,8.52084,8.20042,7.92032,7.65009,7.35298,7.09264,6.76622,6.50539,6.23773,5.99383,5.7627,5.54004,5.31445,5.11441,4.89041,4.70543,4.51846,4.3222,4.1392,3.98389,3.82924,3.733,3.59859,3.47327
0.00000682,124.381,136.671,153.245,171.697,191.756,259.668,284.647,310.746,337.501,365.108,393.612,422.565,452.058,481.305,510.811,540.188,568.891,597.148,625.006,651.464,677.136,701.749,725.494,748.269,770.244,791.001,811.013,829.815,847.277,863.077,877.718,891.064,902.585,912.007,918.352,921.565,922.602,919.914,915.18,908.314,898.121,886.106,872.294,856.46,840.137,822.784,805.339,787.788,770.333,752.891,736.426,722.358,710.094,699.284,690.993,684.263,678.314,674.825,672.599,671.557,671.958,672.278,673.448,675.02,676.325,677.38,678.991,680.774,682.33,683.567,684.536,685.45,685.906,686.267,686.011,685.469,683.886,681.523,678.357,674.029,668.713,663.22,656.894,649.7,641.338,632.625,623.055,614.035,603.91,593.663,582.705,571.565,560.557,549.038,538.038,526.5,514.99,503.8,492.448,481.014,469.687,458.923,448.391,437.415,426.082,415.305,404.706,394.309,384.266,374.071,363.989,354.283,345.013,335.72,326.384,317.666,308.858,300.222,291.761,283.593,275.958,268.188,260.554,253.377,246.211,239.197,232.659,225.959,219.385,213.046,206.848,201.018,194.949,189.42,183.808,178.496,173.151,167.869,162.853,158.013,153.161,148.512,143.963,139.389,135.342,131.318,127.114,123.179,119.501,115.711,112.004,108.434,105,101.756,98.5448,95.3639,92.2485,89.3082,86.4286,83.5281,80.8388,78.2015,75.7998,73.4619,71.0283,68.8847,66.6332,64.4218,62.1462,60.2617,58.213,56.1925,54.3362,52.5398,50.7871,49.1409,47.3671,45.7392,44.157,42.4881,41.0304,39.4572,38.0455,36.7181,35.4975,34.2444,33.0284,31.9226,30.8172,29.7314,28.6256,27.5967,26.5918,25.7448,24.7968,23.9572,23.0445,22.3313,21.6341,20.8295,20.0464,19.2961,18.7142,18.0421,17.362,16.7077,16.1401,15.5786,15.0226,14.4816,13.9105,13.4529,13.0598,12.4657,11.975,11.5375,11.1318,10.6822,10.2726,9.90442,9.5318,9.16146,8.82154,8.47287,8.15356,7.89337,7.51692,7.17769,6.918,6.74594,6.46057,6.23473,6.00461,5.76335,5.53912,5.33404,5.11587,4.92231,4.7383,4.5498,4.38564,4.19411,4.06441,3.85047,3.63919,3.49193,3.33595,3.1713,3.0568
0.00000737,113.483,124.641,139.606,156.312,174.389,236.127,258.937,282.657,307.054,332.105,357.871,383.612,409.849,436.286,462.82,489.257,515.712,541.054,566.301,590.231,613.126,635.685,657.455,678.107,698.283,717.208,735.049,752.045,768.27,783.112,796.822,809.142,819.913,827.517,833.402,836.776,837.861,836.203,831.505,824.501,815.711,804.673,791.886,778.14,763.249,747.966,731.751,715.448,699.444,683.575,669.072,656.065,644.53,634.824,627.059,621.075,616.171,612.738,611.093,610.271,609.925,610.467,611.31,612.847,614.25,615.42,617.197,618.765,620.391,622.148,623.037,623.522,624.123,624.35,624.314,623.525,622.1,619.974,616.908,612.838,608.263,602.834,596.897,590.097,583.379,575.074,566.523,557.964,548.948,539.882,530.27,519.737,509.578,499.518,489.702,479.419,469.278,458.594,448.605,438.49,428.264,417.898,407.935,398.028,388.101,377.984,368.124,359.207,349.987,340.752,331.585,322.838,314.22,305.812,297.51,289.459,281.601,274.017,266.377,258.643,251.506,244.58,237.857,230.976,224.525,218.07,211.879,205.693,199.816,194.253,188.59,183.122,177.672,172.311,167.584,162.932,158.137,153.329,148.761,144.256,140.01,135.941,131.827,127.957,124.03,120.341,116.773,113.386,109.927,106.606,103.237,99.9357,96.8676,93.8374,90.9341,88.0606,85.2587,82.5713,80.0587,77.4758,75.0106,72.5108,70.1281,67.8045,65.5399,63.4125,61.2473,59.1897,57.1681,55.2803,53.466,51.7817,49.9956,48.3433,46.5888,45.0658,43.564,42.0525,40.6602,39.2651,37.9891,36.7819,35.5388,34.3988,33.2346,32.1719,30.9577,29.8873,28.8899,27.898,26.8887,25.8444,24.8927,24.0267,23.2032,22.336,21.506,20.6573,20.0073,19.2461,18.4813,17.7453,17.1875,16.5821,15.9609,15.3714,14.849,14.3041,13.8028,13.2468,12.7271,12.2746,11.8542,11.4509,10.9748,10.5808,10.2243,9.78144,9.40589,9.10916,8.81869,8.50165,8.21763,7.92376,7.68396,7.43092,7.1745,6.89357,6.59461,6.3388,6.11721,5.83512,5.63955,5.42304,5.18361,4.96186,4.74081,4.55112,4.38873,4.20458,4.04275,3.82929,3.67711,3.54096,3.38569,3.23476,3.11099,3.02508,2.92323
0.00000792,104.183,114.229,128.043,143.215,159.881,215.349,236.002,257.614,279.806,302.613,325.714,349.807,373.859,398.372,422.334,445.979,470.023,493.272,516.373,538.237,560.081,580.788,600.74,619.654,637.883,654.875,671.27,687.228,701.961,715.506,727.938,739.242,749.537,757.127,762.875,765.992,767.061,765.068,760.458,754.416,746.23,736.221,724.965,712.739,699.211,684.633,669.842,654.621,639.912,625.434,612.247,599.754,589.158,580.299,572.642,567.652,563.451,560.631,558.644,558.021,557.861,558.194,559.289,560.654,561.911,563.402,564.824,566.108,567.233,568.153,569.19,569.96,570.526,570.268,570.55,569.866,568.148,565.983,563.355,559.447,555.349,550.978,545.669,539.635,533.028,526.439,518.559,510.66,502.128,493.401,485.005,475.999,467.141,458.194,449.147,439.731,430.488,421.143,411.595,402.293,393.234,383.776,375.002,365.969,357.475,348.697,340.3,331.373,322.88,314.043,306.013,297.931,290.03,282.186,274.654,267.251,260.343,253.081,246.355,239.39,232.565,225.92,219.543,213.192,207.092,201.195,195.565,190.01,184.676,179.458,174.728,169.672,164.683,159.749,154.995,150.195,145.804,141.499,137.178,133.298,129.453,125.708,121.984,118.247,114.644,111.215,107.736,104.329,101.197,98.0627,94.9752,92.3686,89.4888,86.7482,84.1197,81.3655,78.8475,76.2649,73.8118,71.3933,69.0031,66.8735,64.7683,62.7636,60.5859,58.5924,56.75,54.7407,52.8121,51.1113,49.3938,47.8844,46.2357,44.8755,43.3388,41.9968,40.5507,39.1373,37.786,36.4154,35.0969,33.9499,32.6866,31.6844,30.6777,29.6586,28.61,27.641,26.7059,25.7925,24.9282,24.0201,23.1878,22.38,21.6711,21.025,20.3292,19.5744,18.9361,18.2559,17.5293,16.8772,16.3034,15.7574,15.109,14.5339,13.9915,13.4948,12.9898,12.4789,11.9703,11.48,11.0771,10.663,10.3395,9.92345,9.57727,9.23661,8.85018,8.50983,8.20811,7.91195,7.61858,7.32353,7.02849,6.79369,6.53215,6.2751,6.04397,5.6929,5.47322,5.26769,5.05571,4.85283,4.64287,4.48779,4.31173,4.1394,4.01854,3.90047,3.70804,3.5433,3.41632,3.27694,3.19663,3.05823,2.91177,2.81092,2.67047
0.00000847,96.5884,105.702,118.168,132.063,146.984,198.414,217.199,236.792,257.508,278.303,299.677,321.459,343.581,365.807,388.18,410.179,432.245,453.86,474.966,495.146,514.836,533.31,551.555,568.935,585.819,601.72,617.151,631.854,645.823,658.81,670.906,681.845,691.583,698.664,703.773,706.481,707.538,706.162,702.581,696.744,689.347,680.193,669.64,658.012,645.279,632.076,618.279,604.369,589.92,575.966,563.496,552.258,542.771,534.521,527.8,522.851,518.894,516.256,514.693,513.893,513.844,514.343,515.415,516.316,517.193,519.002,520.531,521.94,523.497,524.814,525.482,526.297,526.828,527.165,527.055,526.367,525.058,523.21,520.539,517.057,513.465,509.109,504.204,498.328,492.545,486.002,479.171,471.944,464.36,456.326,448.345,440.145,431.722,423.204,414.575,406.023,397.325,388.645,380.218,371.464,362.863,354.325,346.031,337.853,329.544,321.425,313.13,305.294,297.543,289.889,282.329,275.006,267.682,260.566,253.561,246.596,239.799,233.338,227.115,220.712,214.526,208.492,202.533,196.962,191.147,185.642,180.39,175.272,170.449,165.468,160.883,156.354,151.989,147.493,143.003,139.005,134.962,130.981,127.087,123.188,119.696,116.287,112.827,109.528,106.298,103.286,100.173,97.0001,94.162,91.3686,88.6117,85.8283,83.2926,80.8891,78.5078,76.0613,73.779,71.553,69.4672,67.1345,64.9885,62.7762,60.8075,59.0416,57.0521,55.1853,53.4429,51.5854,49.838,48.1803,46.6019,45.0744,43.5545,42.0364,40.6079,39.1861,37.9848,36.66,35.3631,34.1044,33.0456,31.8423,30.6815,29.6699,28.6828,27.6676,26.776,25.8892,25.0444,24.1819,23.3379,22.5727,21.8282,21.0781,20.4097,19.6514,19.0189,18.4347,17.7846,17.1481,16.5735,15.987,15.3664,14.8279,14.2517,13.7279,13.3114,12.7648,12.3205,11.92,11.4408,11.0491,10.6464,10.2718,9.93212,9.57661,9.24563,8.90655,8.56623,8.25567,7.96706,7.64516,7.38702,7.10876,6.82062,6.57824,6.32485,6.09265,5.91895,5.68341,5.46438,5.24633,5.05038,4.90118,4.66929,4.47614,4.29428,4.13288,3.92876,3.77638,3.64198,3.47347,3.32251,3.16123,3.02219,2.91804,2.77977,2.61693,2.49638
0.00000902,90.35,98.9162,110.756,123.625,137.843,185.045,202.35,220.585,239.584,258.961,278.666,298.956,319.203,339.733,359.955,380.137,400.373,420.512,439.646,458.147,476.395,493.841,510.575,526.954,542.374,557.428,571.62,585.234,597.923,609.978,621.114,631.62,640.518,647.184,651.713,655.125,655.993,654.318,650.981,645.85,639.118,630.816,620.624,609.99,598.488,586.049,573.237,560.28,547.13,534.635,522.951,512.677,503.366,495.51,489.79,485.176,481.397,478.896,477.224,476.452,476.034,476.173,477.214,478.445,479.758,480.933,482.283,483.466,484.509,485.48,486.726,486.934,487.433,487.921,487.798,487.18,486.496,485.13,483.134,480.41,477.009,473.136,468.611,463.49,458.095,452.09,446.045,439.58,432.764,425.54,418.081,410.42,402.807,394.805,386.544,378.317,370.327,362.467,354.421,346.542,338.195,330.595,322.814,314.732,306.872,299.058,291.538,284.041,276.841,269.888,262.86,255.869,249.141,242.547,236.071,229.763,223.431,217.285,211.417,205.464,200.072,194.515,189.306,184.178,178.956,173.93,168.996,164.427,159.729,155.088,150.836,146.229,142.144,138.095,134.09,130.345,126.71,122.978,119.451,116.033,112.642,109.332,106.237,103.143,100.211,97.2364,94.2839,91.4593,88.7365,86.1485,83.6078,81.0204,78.4411,76.0094,73.651,71.3255,68.957,66.8683,64.7481,62.6397,60.6354,58.693,56.7034,54.8792,53.2296,51.4509,49.6419,48.1521,46.6384,45.2615,43.7346,42.3851,41.1861,39.7503,38.345,37.1316,35.919,34.7915,33.7052,32.564,31.4262,30.3192,29.3869,28.3275,27.2795,26.3824,25.4098,24.5087,23.618,22.8722,22.1489,21.388,20.5596,19.7921,19.0999,18.4163,17.7981,17.1613,16.5639,15.9408,15.4362,14.8663,14.4087,13.9038,13.4049,12.8703,12.3841,11.96,11.5693,11.1431,10.7442,10.37,9.9877,9.67555,9.36402,8.97881,8.57982,8.24724,7.93584,7.61459,7.35408,7.05855,6.83809,6.61181,6.35108,6.11623,5.90674,5.67809,5.41544,5.20428,5.02322,4.87383,4.72214,4.52292,4.34637,4.19385,4.05743,3.93085,3.76605,3.61371,3.46183,3.30965,3.19005,3.07536,2.97494,2.82543,2.68181,2.58122,2.4569
